<?xml version="1.0" encoding="UTF-8" standalone="yes"?>
<addon id="service.subtitles.unacs"
       name="subsunacs/subsab"
       version="0.0.18h"
       provider-name="kodi1">
  <requires>
    <import addon="xbmc.python" version="3.0.0" allowed-versions="3.0.0"/> 
    <import addon="script.module.beautifulsoup4" version="4.3.2"/>
    <import addon="script.module.requests" version="1.1.0"/>
    <import addon="script.module.html5lib" version="0.999.0"/>
    <import addon="script.module.simplejson" version="3.3.0"/>
    <import addon="vfs.rar" version="3.0.0"/>
    <import addon="vfs.libarchive" version="2.0.0"/> 
  </requires>
  <extension point="xbmc.subtitle.module"
             library="service.py" />
  <extension point="xbmc.addon.metadata">
    <summary lang="en">Bulgarian Subtitle Service</summary>
    <description lang="en">Subtitles from subs.sab.bz and subsunacs.net. Thanks to josdion and jconxtc</description>
    <language>en</language>
    <platform>all</platform>
    <forum>http://forum.kodi.tv/showthread.php?tid=195322</forum>
    <website>https://github.com/kodi1/service.subtitles.unacs</website>
    <email></email>
    </extension>
</addon>
